{
  "TSP50": {
    "Greedy": {
      "avg_distance": 7.212407868033104,
      "std_distance": 0.44226604044922974,
      "avg_time": 0.00028318166732788086,
      "all_distances": [
        7.666630377369727,
        7.178199477228167,
        7.138402420443384,
        7.677600050482306,
        6.245107261946033,
        7.453184432003646,
        6.907204257466438,
        7.432934667325126
      ],
      "all_times": [
        0.00024366378784179688,
        0.0002300739288330078,
        0.0002810955047607422,
        0.0002753734588623047,
        0.0003349781036376953,
        0.0004029273986816406,
        0.00025177001953125,
        0.0002455711364746094
      ]
    },
    "2-opt Local Search": {
      "avg_distance": 6.095315552705165,
      "std_distance": 0.3447871350343899,
      "avg_time": 0.0907774567604065,
      "all_distances": [
        5.956870334456608,
        6.507063438617737,
        6.446828833662834,
        6.279644993810776,
        6.063985656183601,
        6.30742566086028,
        5.414834006594476,
        5.785871497455003
      ],
      "all_times": [
        0.1029810905456543,
        0.058142662048339844,
        0.08046865463256836,
        0.1235053539276123,
        0.032654523849487305,
        0.1482405662536621,
        0.1108403205871582,
        0.06938648223876953
      ]
    },
    "VNS": {
      "avg_distance": 5.7738174355831156,
      "std_distance": 0.28815301256120146,
      "avg_time": 10.447248607873917,
      "all_distances": [
        5.497396917286619,
        6.1535796181470435,
        6.0953640300604155,
        5.9278583362735695,
        5.738114588702925,
        5.960595050180481,
        5.325462601572558,
        5.492168342441307
      ],
      "all_times": [
        10.059413194656372,
        10.438633680343628,
        10.843823194503784,
        10.594845533370972,
        10.741465330123901,
        10.368379831314087,
        10.197710275650024,
        10.333717823028564
      ]
    },
    "Tabu Search": {
      "avg_distance": 7.063284980434867,
      "std_distance": 0.38187663330481486,
      "avg_time": 0.025394409894943237,
      "all_distances": [
        7.039176330010736,
        7.178199477228167,
        7.138402420443384,
        7.591025059998733,
        6.245107261946033,
        7.453184432003646,
        6.85297694346457,
        7.008207918383664
      ],
      "all_times": [
        0.021274089813232422,
        0.02219414710998535,
        0.03264594078063965,
        0.023636341094970703,
        0.02871108055114746,
        0.02409076690673828,
        0.026671886444091797,
        0.023931026458740234
      ]
    }
  }
}