{
  "LHNS-VNS": {
    "best_obj": 7.04665,
    "mean_obj": 12.330421764705884,
    "time": 508.30611419677734
  },
  "LHNS-ILS": {
    "best_obj": 6.44352,
    "mean_obj": 10.853792000000002,
    "time": 267.6707396507263
  },
  "LHNS-TS": {
    "best_obj": 7.21241,
    "mean_obj": 11.010408823529412,
    "time": 281.40901279449463
  }
}
